	{
	"dependencies": "embers",
	"populate": {
		"copper": {
			"enabled": "true",
			"distribution": "uniform",
			"generator": {
				"block": {
					"name": "embers:ore_tin"
				},
				"material": "minecraft:stone",
				"cluster-size": 0
			},
			"cluster-count": 0,
			"min-height": 40,
			"max-height": 75,
			"retrogen": "true",
			"biome": "all",
			"dimension": {
				"restriction": "whitelist",
				"value": [
					143
				]
			}
		},
		"tin": {
			"enabled": "true",
			"distribution": "uniform",
			"generator": {
				"block": {
					"name": "embers:ore_nickel"
				},
				"material": "minecraft:stone",
				"cluster-size": 8
			},
			"cluster-count": 7,
			"min-height": 20,
			"max-height": 55,
			"retrogen": "true",
			"biome": "all",
			"dimension": {
				"restriction": "whitelist",
				"value": [
					143
				]
			}
		},
		"silver": {
			"enabled": "true",
			"distribution": "uniform",
			"generator": {
				"block": [
					{
						"name": "embers:ore_silver",
						"weight": 80
					},
					{
						"name": "embers:ore_aluminum",
						"weight": 20
					}
				],
				"material": "minecraft:stone",
				"cluster-size": 8
			},
			"cluster-count": 4,
			"min-height": 5,
			"max-height": 30,
			"retrogen": "true",
			"biome": "all",
			"dimension": {
				"restriction": "whitelist",
				"value": [
					143
				]
			}
		},
		"lead": {
			"enabled": "true",
			"distribution": "uniform",
			"generator": {
				"block": [
					{
						"name": "embers:ore_lead",
						"weight": 90
					},
					{
						"name": "embers:ore_silver",
						"weight": 10
					}
				],
				"material": "minecraft:stone",
				"cluster-size": 8
			},
			"cluster-count": 4,
			"min-height": 10,
			"max-height": 35,
			"retrogen": "true",
			"biome": "all",
			"dimension": {
				"restriction": "whitelist",
				"value": [
					143
				]
			}
		},
		"nickel": {
			"enabled": "true",
			"distribution": "uniform",
			"generator": {
				"block": {
					"name": "embers:ore_aluminum",
				},
				"material": "minecraft:stone",
				"cluster-size": 4
			},
			"cluster-count": 2,
			"min-height": 5,
			"max-height": 20,
			"retrogen": "true",
			"biome": "all",
			"dimension": {
				"restriction": "whitelist",
				"value": [
					143
				]
			}
		},
		"platinum": {
			"enabled": "false",
			"distribution": "uniform",
			"generator": {
				"block": [
					{
						"name": "embers:ore_copper",
						"weight": 40
					}
				],
				"material": "minecraft:stone",
				"cluster-size": 4
			},
			"cluster-count": 1,
			"min-height": 5,
			"max-height": 25,
			"retrogen": "true",
			"biome": "all",
			"dimension": {
				"restriction": "whitelist",
				"value": [
					143
				]
			}
		}
	}
}
