{
	"dependencies": "immersiveengineering",
	"populate": {
		"copper": {
			"enabled": "true",
			"distribution": "uniform",
			"generator": {
				"block": {
					"name": "immersiveengineering:ore",
					"properties": {
						"type": "copper"
					}
				},
				"material": "minecraft:stone",
				"cluster-size": 8
			},
			"cluster-count": 8,
			"min-height": 40,
			"max-height": 75,
			"retrogen": "true",
			"biome": "all",
			"dimension": {
				"restriction": "whitelist",
				"value": [
					143
				]
			}
		},
		"silver": {
			"enabled": "true",
			"distribution": "uniform",
			"generator": {
				"block": [
					{
						"name": "immersiveengineering:ore",
						"properties": {
							"type": "silver"
						},
						"weight": 80
					},
					{
						"name": "immersiveengineering:ore",
						"properties": {
							"type": "lead"
						},
						"weight": 20
					}
				],
				"material": "minecraft:stone",
				"cluster-size": 8
			},
			"cluster-count": 4,
			"min-height": 5,
			"max-height": 30,
			"retrogen": "true",
			"biome": "all",
			"dimension": {
				"restriction": "whitelist",
				"value": [
					143
				]
			}
		},
		"lead": {
			"enabled": "true",
			"distribution": "uniform",
			"generator": {
				"block": [
					{
						"name": "immersiveengineering:ore",
						"properties": {
							"type": "lead"
						},
						"weight": 90
					},
					{
						"name": "immersiveengineering:ore",
						"properties": {
							"type": "silver"
						},
						"weight": 10
					}
				],
				"material": "minecraft:stone",
				"cluster-size": 8
			},
			"cluster-count": 4,
			"min-height": 10,
			"max-height": 35,
			"retrogen": "true",
			"biome": "all",
			"dimension": {
				"restriction": "whitelist",
				"value": [
					143
				]
			}
		},
		"nickel": {
			"enabled": "true",
			"distribution": "uniform",
			"generator": {
				"block": {
					"name": "immersiveengineering:ore",
					"properties": {
						"type": "nickel"
					}
				},
				"material": "minecraft:stone",
				"cluster-size": 4
			},
			"cluster-count": 2,
			"min-height": 5,
			"max-height": 20,
			"retrogen": "true",
			"biome": "all",
			"dimension": {
				"restriction": "whitelist",
				"value": [
					143
				]
			}
		},
		"aluminum": {
			"enabled": "false",
			"distribution": "uniform",
			"generator": {
				"block": {
					"name": "immersiveengineering:ore",
					"properties": {
						"type": "aluminum"
					}
				},
				"material": "minecraft:stone",
				"cluster-size": 8
			},
			"cluster-count": 8,
			"min-height": 40,
			"max-height": 75,
			"retrogen": "true",
			"biome": "all",
			"dimension": {
				"restriction": "whitelist",
				"value": [
					143
				]
			}
		}
	}
}
