	{
	"dependencies": "mekanism",
	"populate": {
		"copper": {
			"enabled": "true",
			"distribution": "uniform",
			"generator": {
				"block": {
					"name": "mekanism:oreblock"
                             "properties": {
						"type": "copper"
					}
				},
				"material": "minecraft:stone",
				"cluster-size": 0
			},
			"cluster-count": 0,
			"min-height": 40,
			"max-height": 75,
			"retrogen": "true",
			"biome": "all",
			"dimension": {
				"restriction": "whitelist",
				"value": [
					143
				]
			}
		},
		"tin": {
			"enabled": "true",
			"distribution": "uniform",
			"generator": {
				"block": {
					"name": "mekanism:oreblock"
                              "properties": {
						"type": "tin"
					}
				},
				"material": "minecraft:stone",
				"cluster-size": 8
			},
			"cluster-count": 7,
			"min-height": 20,
			"max-height": 55,
			"retrogen": "true",
			"biome": "all",
			"dimension": {
				"restriction": "whitelist",
				"value": [
					143
				]
			}
		}
      }
}
