{
  "entries": [
    {
      "item": "OD|yellorium",
      "emc": 0
    },
    {
      "item": "OD|terrasteel",
      "emc": 0
    },
    {
      "item": "manaresource:4|0",
      "emc": 0
    },
    {
      "item": "botania:manaresource:4|0",
      "emc": 0
    },
    {
      "item": "botania:manaresource|4",
      "emc": 0
    },
    {
      "item": "mysticalagriculture:crafting|0",
      "emc": 0
    },
    {
      "item": "mysticalagriculture:crafting|1",
      "emc": 0
    },
    {
      "item": "mysticalagriculture:crafting|2",
      "emc": 0
    },
    {
      "item": "mysticalagriculture:crafting|3",
      "emc": 0
    },
    {
      "item": "mysticalagriculture:crafting|4",
      "emc": 0
    },
    {
      "item": "astralsorcery:itemcraftingcomponent|1",
      "emc": 0
    },
    {
      "item": "astralsorcery:itemcraftingcomponent|2",
      "emc": 0
    },
    {
      "item": "embers:ingot_dawnstone|0",
      "emc": 0
    }
  ]
}