{
  "name": "compactmachines3:machine-maximum",
  "target-item": "compactmachines3:machine",
  "target-meta": 5,
  "target-count": 1,

  "duration": 600,

  "catalyst": "minecraft:ender_pearl",

  "input-types": {
    "w": { "id": "compactmachines3:wallbreakable" },
    "p": {
      "id": "mekanism:plasticblock",
      "meta": 7
    },
    "d": {
      "id": "enderio:block_infinity",
      "meta": 2
    }
  },

  "symmetrical": true,
  "shape": [
    [
      ["w","w","w","w","w"],
      ["w","w","w","w","w"],
      ["w","w","w","w","w"],
      ["w","w","w","w","w"],
      ["w","w","w","w","w"]
    ],
    [
      ["w","w","w","w","w"],
      ["w","_","_","_","w"],
      ["w","_","p","_","w"],
      ["w","_","_","_","w"],
      ["w","w","w","w","w"]
    ],
    [
      ["w","w","w","w","w"],
      ["w","_","p","_","w"],
      ["w","p","d","p","w"],
      ["w","_","p","_","w"],
      ["w","w","w","w","w"]
    ],
    [
      ["w","w","w","w","w"],
      ["w","_","_","_","w"],
      ["w","_","p","_","w"],
      ["w","_","_","_","w"],
      ["w","w","w","w","w"]
    ],
    [
      ["w","w","w","w","w"],
      ["w","w","w","w","w"],
      ["w","w","w","w","w"],
      ["w","w","w","w","w"],
      ["w","w","w","w","w"]
    ]
  ]
}
