{
  "name": "compactmachines3:machine-giant",
  "target-item": "compactmachines3:machine",
  "target-meta": 4,
  "target-count": 1,

  "duration": 560,

  "catalyst": "minecraft:ender_pearl",

  "input-types": {
    "w": {
      "id": "compactmachines3:wallbreakable" 
    },
    "p": {
      "id": "mekanism:plasticblock",
      "meta": 6
    },
    "c": {
      "id": "bigreactors:blockcyanite"
    }
  },

  "symmetrical": true,
  "shape": [
    [
      ["w","w","w","w","w"],
      ["w","w","w","w","w"],
      ["w","w","w","w","w"],
      ["w","w","w","w","w"],
      ["w","w","w","w","w"]
    ],
    [
      ["w","w","w","w","w"],
      ["w","_","_","_","w"],
      ["w","_","p","_","w"],
      ["w","_","_","_","w"],
      ["w","w","w","w","w"]
    ],
    [
      ["w","w","w","w","w"],
      ["w","_","p","_","w"],
      ["w","p","c","p","w"],
      ["w","_","p","_","w"],
      ["w","w","w","w","w"]
    ],
    [
      ["w","w","w","w","w"],
      ["w","_","_","_","w"],
      ["w","_","p","_","w"],
      ["w","_","_","_","w"],
      ["w","w","w","w","w"]
    ],
    [
      ["w","w","w","w","w"],
      ["w","w","w","w","w"],
      ["w","w","w","w","w"],
      ["w","w","w","w","w"],
      ["w","w","w","w","w"]
    ]
  ]
}
