{
  "name": "compactmachines3:machine-normal",
  "target-item": "compactmachines3:machine",
  "target-meta": 2,
  "target-count": 1,

  "duration": 480,

  "catalyst": "minecraft:ender_pearl",


  "input-types": {
    "a": {
      "id": "compactmachines3:wallbreakable",
      "meta": 0
    },
    "b": {
      "id": "embers:block_dawnstone",
      "meta": 0
    }
  },
  "shape": [
    [
      ["a","a","a"],
      ["a","a","a"],
      ["a","a","a"]
    ],
    [
      ["a","a","a"],
      ["a","b","a"],
      ["a","a","a"]
    ],
    [
      ["a","a","a"],
      ["a","a","a"],
      ["a","a","a"]
    ]
  ]
}